{
  "BRU": [90.811, 173.738, 1079.809, 791.261],
  "CRO": [278.098, 486.193, 473.095, 413.773],
  "LYS": [114, 140, 1032.5, 412.5],
  "LY1": [114, 140, 1032.5, 412.5],
  "LY2": [0.4, 191.5, 841.2, 808.1],
  "MOR-MON": [32.6, 43.5, 831.7, 322.8],
  "670-FON": [82.389702, 147.50954, 32.499454, 68.240524],
  "330-BOR": [82.020836, 146.84375, 76.729156, 95.25],
  "VER-LON": [82.389702, 147.50954, 32.499454, 68.240524],
  "VER-PAR": [82.389702, 147.50954, 32.499454, 68.240524],
  "VER-SIN": [82.389702, 147.50954, 32.499454, 68.240524],
  "VER-LUX": [82.389702, 147.50954, 32.499454, 68.240524],
  "VER-TUN-BIWA": [82.389702, 147.50954, 32.499454, 68.240524],
  "AXE-TUN": [82.389702, 147.50954, 32.499454, 68.240524],
  "DOC-PAR-SVH": [82.389702, 147.50954, 32.499454, 68.240524],
  "DOC-PAR-SKL": [82.389702, 147.50954, 32.499454, 68.240524],
  "DOC-SOF-ARC": [82.389702, 147.50954, 32.499454, 53.240524],
  "DOC-AR24": [82.389702, 147.50954, 32.499454, 53.240524],
  "FLO-BOR": [-21.069839, 131.63164, 147.15504, 58.516472],
  "IFP-PAR-RAP": [-75.40625, 132.29167, 199.76042, 58.208328],
  "CRNS-BOIXGUI-AGRI": [-21.069839, 131.63164, 147.15504, 58.516472],
  "CRNS-EVR-ROCH": [-21.069839, 131.63164, 147.15504, 58.516472],
  "340-MON": [90.811, 173.738, 1079.809, 791.261],
  "761-ROU": [90.811, 173.738, 1079.809, 791.261]
} 